slug,provider,offer,actionButtons,planName,planType,historicalData,apiType,technology,chain,accessPrice,queryPrice,starred,trial,availableApis,limitations,securityImprovements,monitoringAndAnalytics,regions,additionalFeatures,address,tag,uptimeSla,verifiedUptime,blocksBehindSla,verifiedBlocksBehindAvg,bandwidthSla,verifiedLatency,supportSla
1rpc-mainnet-developer-recent-state,,!offer:1rpc-developer-recent-state,,,,,,,mainnet,,,,,,,,,,,,,,,,,,,
1rpc-mainnet-personal-recent-state,,!offer:1rpc-personal-recent-state,,,,,,,mainnet,,,,,,,,,,,,,,,,,,,
1rpc-mainnet-public-recent-state,,!offer:1rpc-public-recent-state,,,,,,,mainnet,,,,,,,,,,,,,,,,,,,
1rpc-mainnet-starter-recent-state,,!offer:1rpc-starter-recent-state,,,,,,,mainnet,,,,,,,,,,,,,,,,,,,
alchemy-amoy-free,,!offer:alchemy-free-recent-state,"[""[Buy](https://www.alchemy.com/polygon)"",""[Docs](https://www.alchemy.com/docs/polygon-pos)""]",,,,,,amoy,,,,,,,,,,,,,,,,,,,
alchemy-amoy-pay-as-you-go,,!offer:alchemy-pay-as-you-go-recent-state,"[""[Buy](https://www.alchemy.com/polygon)"",""[Docs](https://www.alchemy.com/docs/polygon-pos)""]",,,,,,amoy,,,,,,,,,,,,,,,,,,,
alchemy-polygon-free,,!offer:alchemy-free-recent-state,"[""[Buy](https://www.alchemy.com/polygon)"",""[Docs](https://www.alchemy.com/docs/polygon-pos)""]",,,,,,mainnet,,,,,,,,,,,,,,,,,,,
alchemy-polygon-pay-as-you-go,,!offer:alchemy-pay-as-you-go-recent-state,"[""[Buy](https://www.alchemy.com/polygon)"",""[Docs](https://www.alchemy.com/docs/polygon-pos)""]",,,,,,mainnet,,,,,,,,,,,,,,,,,,,
allthatnode-amoy-dedicated-full-archive,,!offer:allthatnode-dedicated-full-archive,"[""[Website](https://www.allthatnode.com/dedicatednode.dsrv)"",""[Docs](https://docs.allthatnode.com/docs/supported-protocols-2)""]",,,,,,amoy,,,,,,,,,,,,,,,,,,,
allthatnode-amoy-dedicated-recent-state,,!offer:allthatnode-dedicated-recent-state,"[""[Website](https://www.allthatnode.com/dedicatednode.dsrv)"",""[Docs](https://docs.allthatnode.com/docs/supported-protocols-2)""]",,,,,,amoy,,,,,,,,,,,,,,,,,,,
allthatnode-amoy-free-full-archive,,!offer:allthatnode-free-full-archive,,,,,,,amoy,,,,,,,,,,,,,,,,,,,
allthatnode-amoy-free-recent-state,,!offer:allthatnode-free-recent-state,,,,,,,amoy,,,,,,,,,,,,,,,,,,,
allthatnode-amoy-scale-full-archive,,!offer:allthatnode-scale-full-archive,,,,,,,amoy,,,,,,,,,,,,,,,,,,,
allthatnode-amoy-scale-recent-state,,!offer:allthatnode-scale-recent-state,,,,,,,amoy,,,,,,,,,,,,,,,,,,,
allthatnode-amoy-starter-full-archive,,!offer:allthatnode-starter-full-archive,,,,,,,amoy,,,,,,,,,,,,,,,,,,,
allthatnode-amoy-starter-recent-state,,!offer:allthatnode-starter-recent-state,,,,,,,amoy,,,,,,,,,,,,,,,,,,,
allthatnode-mainnet-dedicated-full-archive,,!offer:allthatnode-dedicated-full-archive,"[""[Website](https://www.allthatnode.com/dedicatednode.dsrv)"",""[Docs](https://docs.allthatnode.com/docs/supported-protocols-2)""]",,,,,,mainnet,,,,,,,,,,,,,,,,,,,
allthatnode-mainnet-dedicated-recent-state,,!offer:allthatnode-dedicated-recent-state,"[""[Website](https://www.allthatnode.com/dedicatednode.dsrv)"",""[Docs](https://docs.allthatnode.com/docs/supported-protocols-2)""]",,,,,,mainnet,,,,,,,,,,,,,,,,,,,
allthatnode-mainnet-free-full-archive,,!offer:allthatnode-free-full-archive,,,,,,,mainnet,,,,,,,,,,,,,,,,,,,
allthatnode-mainnet-free-recent-state,,!offer:allthatnode-free-recent-state,,,,,,,mainnet,,,,,,,,,,,,,,,,,,,
allthatnode-mainnet-scale-full-archive,,!offer:allthatnode-scale-full-archive,,,,,,,mainnet,,,,,,,,,,,,,,,,,,,
allthatnode-mainnet-scale-recent-state,,!offer:allthatnode-scale-recent-state,,,,,,,mainnet,,,,,,,,,,,,,,,,,,,
allthatnode-mainnet-starter-full-archive,,!offer:allthatnode-starter-full-archive,,,,,,,mainnet,,,,,,,,,,,,,,,,,,,
allthatnode-mainnet-starter-recent-state,,!offer:allthatnode-starter-recent-state,,,,,,,mainnet,,,,,,,,,,,,,,,,,,,
ankr-amoy-free-archive,,!offer:ankr-free-recent-state,"[""[Website](https://www.ankr.com/rpc/?utm_referral=t26yw96jZJ)"",""[Docs](https://www.ankr.com/docs/rpc-service/chains/chains-list/#polygon)""]",,,,,,amoy,,,,,,,,,,,,,,,,,,,
ankr-amoy-pay-as-you-go-archive,,!offer:ankr-pay-as-you-go-full-archive,"[""[Buy](https://www.ankr.com/rpc/?utm_referral=t26yw96jZJ)"",""[Docs](https://www.ankr.com/docs/rpc-service/chains/chains-list/#polygon)""]",,,,,,amoy,,,,,,,,,,,,,,,,,,,
ankr-mainnet-free-archive,,!offer:ankr-free-recent-state,"[""[Website](https://www.ankr.com/rpc/?utm_referral=t26yw96jZJ)"",""[Docs](https://www.ankr.com/docs/rpc-service/chains/chains-list/#polygon)""]",,,,,,mainnet,,,,,,,,,,,,,,,,,,,
ankr-mainnet-pay-as-you-go-archive,,!offer:ankr-pay-as-you-go-full-archive,"[""[Buy](https://www.ankr.com/rpc/?utm_referral=t26yw96jZJ)"",""[Docs](https://www.ankr.com/docs/rpc-service/chains/chains-list/#polygon)""]",,,,,,mainnet,,,,,,,,,,,,,,,,,,,
blockdaemon-amoy-dedicated-recent-state,,!offer:blockdaemon-dedicated-recent-state,"[""[Website](https://www.blockdaemon.com/protocols/polygon)"",""[Docs](https://docs.blockdaemon.com/docs/polygon)""]",,,,,,amoy,,,,,,,,,,,,,,,,,,,
blockdaemon-amoy-free-full-archive,,!offer:blockdaemon-free-full-archive,"[""[Website](https://www.blockdaemon.com/protocols/polygon)"",""[Docs](https://docs.blockdaemon.com/reference/polygon-methods-rpc-api)""]",,,,,,amoy,,,,,,,,,,,,,,,,,,,
blockdaemon-amoy-growth-full-archive,,!offer:blockdaemon-growth-full-archive,"[""[Buy](https://www.blockdaemon.com/api/pricing)"",""[Docs](https://docs.blockdaemon.com/reference/polygon-methods-rpc-api)""]",,,,,,amoy,,,,,,,,,,,,,,,,,,,
blockdaemon-amoy-starter-full-archive,,!offer:blockdaemon-starter-full-archive,"[""[Buy](https://www.blockdaemon.com/api/pricing)"",""[Docs](https://docs.blockdaemon.com/reference/polygon-methods-rpc-api)""]",,,,,,amoy,,,,,,,,,,,,,,,,,,,
blockdaemon-mainnet-dedicated-recent-state,,!offer:blockdaemon-dedicated-recent-state,"[""[Website](https://www.blockdaemon.com/protocols/polygon)"",""[Docs](https://docs.blockdaemon.com/docs/polygon)""]",,,,,,mainnet,,,,,,,,,,,,,,,,,,,
blockdaemon-mainnet-free-full-archive,,!offer:blockdaemon-free-full-archive,"[""[Website](https://www.blockdaemon.com/protocols/polygon)"",""[Docs](https://docs.blockdaemon.com/reference/polygon-methods-rpc-api)""]",,,,,,mainnet,,,,,,,,,,,,,,,,,,,
blockdaemon-mainnet-growth-full-archive,,!offer:blockdaemon-growth-full-archive,"[""[Buy](https://www.blockdaemon.com/api/pricing)"",""[Docs](https://docs.blockdaemon.com/reference/polygon-methods-rpc-api)""]",,,,,,mainnet,,,,,,,,,,,,,,,,,,,
blockdaemon-mainnet-starter-full-archive,,!offer:blockdaemon-starter-full-archive,"[""[Buy](https://www.blockdaemon.com/api/pricing)"",""[Docs](https://docs.blockdaemon.com/reference/polygon-methods-rpc-api)""]",,,,,,mainnet,,,,,,,,,,,,,,,,,,,
blockeden-amoy-basic-full-archive,,!offer:blockeden-basic-full-archive,,,,,,,amoy,,,,,,,,,,,,,,,,,,,
blockeden-amoy-basic-recent-state,,!offer:blockeden-basic-recent-state,,,,,,,amoy,,,,,,,,,,,,,,,,,,,
blockeden-amoy-enterprise-50-full-archive,,!offer:blockeden-enterprise-50-full-archive,,,,,,,amoy,,,,,,,,,,,,,,,,,,,
blockeden-amoy-enterprise-50-recent-state,,!offer:blockeden-enterprise-50-recent-state,,,,,,,amoy,,,,,,,,,,,,,,,,,,,
blockeden-amoy-enterprise-500-full-archive,,!offer:blockeden-enterprise-500-full-archive,,,,,,,amoy,,,,,,,,,,,,,,,,,,,
blockeden-amoy-enterprise-500-recent-state,,!offer:blockeden-enterprise-500-recent-state,,,,,,,amoy,,,,,,,,,,,,,,,,,,,
blockeden-amoy-free-full-archive,,!offer:blockeden-free-full-archive,,,,,,,amoy,,,,,,,,,,,,,,,,,,,
blockeden-amoy-free-recent-state,,!offer:blockeden-free-recent-state,,,,,,,amoy,,,,,,,,,,,,,,,,,,,
blockeden-amoy-pro-full-archive,,!offer:blockeden-pro-full-archive,,,,,,,amoy,,,,,,,,,,,,,,,,,,,
blockeden-amoy-pro-recent-state,,!offer:blockeden-pro-recent-state,,,,,,,amoy,,,,,,,,,,,,,,,,,,,
blockeden-mainnet-basic-full-archive,,!offer:blockeden-basic-full-archive,,,,,,,mainnet,,,,,,,,,,,,,,,,,,,
blockeden-mainnet-basic-recent-state,,!offer:blockeden-basic-recent-state,,,,,,,mainnet,,,,,,,,,,,,,,,,,,,
blockeden-mainnet-enterprise-50-full-archive,,!offer:blockeden-enterprise-50-full-archive,,,,,,,mainnet,,,,,,,,,,,,,,,,,,,
blockeden-mainnet-enterprise-50-recent-state,,!offer:blockeden-enterprise-50-recent-state,,,,,,,mainnet,,,,,,,,,,,,,,,,,,,
blockeden-mainnet-enterprise-500-full-archive,,!offer:blockeden-enterprise-500-full-archive,,,,,,,mainnet,,,,,,,,,,,,,,,,,,,
blockeden-mainnet-enterprise-500-recent-state,,!offer:blockeden-enterprise-500-recent-state,,,,,,,mainnet,,,,,,,,,,,,,,,,,,,
blockeden-mainnet-free-full-archive,,!offer:blockeden-free-full-archive,,,,,,,mainnet,,,,,,,,,,,,,,,,,,,
blockeden-mainnet-free-recent-state,,!offer:blockeden-free-recent-state,,,,,,,mainnet,,,,,,,,,,,,,,,,,,,
blockeden-mainnet-pro-full-archive,,!offer:blockeden-pro-full-archive,,,,,,,mainnet,,,,,,,,,,,,,,,,,,,
blockeden-mainnet-pro-recent-state,,!offer:blockeden-pro-recent-state,,,,,,,mainnet,,,,,,,,,,,,,,,,,,,
blockpi-amoy-elementary-full-archive,,!offer:blockpi-elementary-full-archive,"[""[Buy](https://blockpi.io/pricing/)"",""[Docs](https://docs.blockpi.io/build/api-reference/polygon)""]",,,,,,amoy,,,,,,,,,,,,,,,,,,,
blockpi-amoy-elementary-recent-state,,!offer:blockpi-elementary-recent-state,"[""[Buy](https://blockpi.io/pricing/)"",""[Docs](https://docs.blockpi.io/build/api-reference/polygon)""]",,,,,,amoy,,,,,,,,,,,,,,,,,,,
blockpi-amoy-free-full-archive,,!offer:blockpi-free-full-archive,"[""[Website](https://blockpi.io/chain/polygon/)"",""[Docs](https://docs.blockpi.io/build/api-reference/polygon)""]",,,,,,amoy,,,,,,,,,,,,,,,,,,,
blockpi-amoy-free-recent-state,,!offer:blockpi-free-recent-state,"[""[Website](https://blockpi.io/chain/polygon/)"",""[Docs](https://docs.blockpi.io/build/api-reference/polygon)""]",,,,,,amoy,,,,,,,,,,,,,,,,,,,
blockpi-amoy-pay-as-you-go-full-archive,,!offer:blockpi-pay-as-you-go-full-archive,"[""[Buy](https://blockpi.io/pricing/)"",""[Docs](https://docs.blockpi.io/build/api-reference/polygon)""]",,,,,,amoy,,,,,,,,,,,,,,,,,,,
blockpi-amoy-pay-as-you-go-recent-state,,!offer:blockpi-pay-as-you-go-recent-state,"[""[Buy](https://blockpi.io/pricing/)"",""[Docs](https://docs.blockpi.io/build/api-reference/polygon)""]",,,,,,amoy,,,,,,,,,,,,,,,,,,,
blockpi-amoy-premium-full-archive,,!offer:blockpi-premium-full-archive,"[""[Buy](https://blockpi.io/pricing/)"",""[Docs](https://docs.blockpi.io/build/api-reference/polygon)""]",,,,,,amoy,,,,,,,,,,,,,,,,,,,
blockpi-amoy-premium-recent-state,,!offer:blockpi-premium-recent-state,"[""[Buy](https://blockpi.io/pricing/)"",""[Docs](https://docs.blockpi.io/build/api-reference/polygon)""]",,,,,,amoy,,,,,,,,,,,,,,,,,,,
blockpi-mainnet-dedicated-full-archive,,!offer:blockpi-dedicated-full-archive,,,,,,,mainnet,,,,,,,,,,,,,,,,,,,
blockpi-mainnet-dedicated-recent-state,,!offer:blockpi-dedicated-recent-state,,,,,,,mainnet,,,,,,,,,,,,,,,,,,,
blockpi-mainnet-elementary-full-archive,,!offer:blockpi-elementary-full-archive,"[""[Buy](https://blockpi.io/pricing/)"",""[Docs](https://docs.blockpi.io/build/api-reference/polygon)""]",,,,,,mainnet,,,,,,,,,,,,,,,,,,,
blockpi-mainnet-elementary-recent-state,,!offer:blockpi-elementary-recent-state,"[""[Buy](https://blockpi.io/pricing/)"",""[Docs](https://docs.blockpi.io/build/api-reference/polygon)""]",,,,,,mainnet,,,,,,,,,,,,,,,,,,,
blockpi-mainnet-free-full-archive,,!offer:blockpi-free-full-archive,"[""[Website](https://blockpi.io/chain/polygon/)"",""[Docs](https://docs.blockpi.io/build/api-reference/polygon)""]",,,,,,mainnet,,,,,,,,,,,,,,,,,,,
blockpi-mainnet-free-recent-state,,!offer:blockpi-free-recent-state,"[""[Website](https://blockpi.io/chain/polygon/)"",""[Docs](https://docs.blockpi.io/build/api-reference/polygon)""]",,,,,,mainnet,,,,,,,,,,,,,,,,,,,
blockpi-mainnet-pay-as-you-go-full-archive,,!offer:blockpi-pay-as-you-go-full-archive,"[""[Buy](https://blockpi.io/pricing/)"",""[Docs](https://docs.blockpi.io/build/api-reference/polygon)""]",,,,,,mainnet,,,,,,,,,,,,,,,,,,,
blockpi-mainnet-pay-as-you-go-recent-state,,!offer:blockpi-pay-as-you-go-recent-state,"[""[Buy](https://blockpi.io/pricing/)"",""[Docs](https://docs.blockpi.io/build/api-reference/polygon)""]",,,,,,mainnet,,,,,,,,,,,,,,,,,,,
blockpi-mainnet-premium-full-archive,,!offer:blockpi-premium-full-archive,"[""[Buy](https://blockpi.io/pricing/)"",""[Docs](https://docs.blockpi.io/build/api-reference/polygon)""]",,,,,,mainnet,,,,,,,,,,,,,,,,,,,
blockpi-mainnet-premium-recent-state,,!offer:blockpi-premium-recent-state,"[""[Buy](https://blockpi.io/pricing/)"",""[Docs](https://docs.blockpi.io/build/api-reference/polygon)""]",,,,,,mainnet,,,,,,,,,,,,,,,,,,,
chain-love-mainnet-free-indexer,,!offer:chain-love-free-indexer,"[""[Deploy](https://polygon.chain.love/graph)"",""[Docs](https://chain-love.gitbook.io/chain-love-docs/blockchains/polygon)""]",,,,,,mainnet,,,,,,,,,,,,,,,,,,,
chainbase-mainnet-developer-custom,,!offer:chainbase-developer-custom,"[""[Contact](https://platform.chainbase.com/contact)"",""[Docs](https://docs.chainbase.com/platform/features/api/chain-rpc)""]",,,,,,mainnet,,,,,,,,,,,,,,,,,,,
chainbase-mainnet-free-custom,,!offer:chainbase-free-custom,"[""[Website](https://platform.chainbase.com/chainNetwork/Polygon)"",""[Docs](https://docs.chainbase.com/platform/features/api/chain-rpc)""]",,,,,,mainnet,,,,,,,,,,,,,,,,,,,
chainnodes-polgon-pay-as-you-go-archive,,!offer:chainnodes-pay-as-you-go-full-archive,,,,,,,mainnet,,,,,,,,,,,,,,,,,,,
chainnodes-polygon-free-archive,,!offer:chainnodes-free-full-archive,"[""[Buy](https://www.chainnodes.org/pricing)"",""[Docs](https://www.chainnodes.org/docs)""]",,,,,,mainnet,,,,,,,,,,,,,,,,,,,
chainstack-amoy-business-full-archive,,!offer:chainstack-business-full-archive,"[""[Buy](https://chainstack.referral-factory.com/uDAlJWDK)"",""[Docs](https://docs.chainstack.com/reference/polygon-getting-started)""]",,,,,,amoy,,,,,,,,,,,,,,,,,,,
chainstack-amoy-business-recent-state,,!offer:chainstack-business-recent-state,"[""[Buy](https://chainstack.referral-factory.com/uDAlJWDK)"",""[Docs](https://docs.chainstack.com/reference/polygon-getting-started)""]",,,,,,amoy,,,,,,,,,,,,,,,,,,,
chainstack-amoy-developer-recent-state,,!offer:chainstack-developer-recent-state,"[""[Website](https://chainstack.referral-factory.com/uDAlJWDK)"",""[Docs](https://docs.chainstack.com/reference/polygon-getting-started)""]",,,,,,amoy,,,,,,,,,,,,,,,,,,,
chainstack-amoy-growth-full-archive,,!offer:chainstack-growth-full-archive,"[""[Buy](https://chainstack.referral-factory.com/uDAlJWDK)"",""[Docs](https://docs.chainstack.com/reference/polygon-getting-started)""]",,,,,,amoy,,,,,,,,,,,,,,,,,,,
chainstack-amoy-growth-recent-state,,!offer:chainstack-growth-recent-state,"[""[Buy](https://chainstack.referral-factory.com/uDAlJWDK)"",""[Docs](https://docs.chainstack.com/reference/polygon-getting-started)""]",,,,,,amoy,,,,,,,,,,,,,,,,,,,
chainstack-amoy-pro-full-archive,,!offer:chainstack-pro-full-archive,"[""[Buy](https://chainstack.referral-factory.com/uDAlJWDK)"",""[Docs](https://docs.chainstack.com/reference/polygon-getting-started)""]",,,,,,amoy,,,,,,,,,,,,,,,,,,,
chainstack-amoy-pro-recent-state,,!offer:chainstack-pro-recent-state,"[""[Buy](https://chainstack.referral-factory.com/uDAlJWDK)"",""[Docs](https://docs.chainstack.com/reference/polygon-getting-started)""]",,,,,,amoy,,,,,,,,,,,,,,,,,,,
chainstack-mainnet-business-full-archive,,!offer:chainstack-business-full-archive,"[""[Buy](https://chainstack.referral-factory.com/uDAlJWDK)"",""[Docs](https://docs.chainstack.com/reference/polygon-getting-started)""]",,,,,,mainnet,,,,,,,,,,,,,,,,,,,
chainstack-mainnet-business-recent-state,,!offer:chainstack-business-recent-state,"[""[Buy](https://chainstack.referral-factory.com/uDAlJWDK)"",""[Docs](https://docs.chainstack.com/reference/polygon-getting-started)""]",,,,,,mainnet,,,,,,,,,,,,,,,,,,,
chainstack-mainnet-developer-recent-state,,!offer:chainstack-developer-recent-state,"[""[Website](https://chainstack.referral-factory.com/uDAlJWDK)"",""[Docs](https://docs.chainstack.com/reference/polygon-getting-started)""]",,,,,,mainnet,,,,,,,,,,,,,,,,,,,
chainstack-mainnet-growth-full-archive,,!offer:chainstack-growth-full-archive,"[""[Buy](https://chainstack.referral-factory.com/uDAlJWDK)"",""[Docs](https://docs.chainstack.com/reference/polygon-getting-started)""]",,,,,,mainnet,,,,,,,,,,,,,,,,,,,
chainstack-mainnet-growth-recent-state,,!offer:chainstack-growth-recent-state,"[""[Buy](https://chainstack.referral-factory.com/uDAlJWDK)"",""[Docs](https://docs.chainstack.com/reference/polygon-getting-started)""]",,,,,,mainnet,,,,,,,,,,,,,,,,,,,
chainstack-mainnet-pro-full-archive,,!offer:chainstack-pro-full-archive,"[""[Buy](https://chainstack.referral-factory.com/uDAlJWDK)"",""[Docs](https://docs.chainstack.com/reference/polygon-getting-started)""]",,,,,,mainnet,,,,,,,,,,,,,,,,,,,
chainstack-mainnet-pro-recent-state,,!offer:chainstack-pro-recent-state,"[""[Buy](https://chainstack.referral-factory.com/uDAlJWDK)"",""[Docs](https://docs.chainstack.com/reference/polygon-getting-started)""]",,,,,,mainnet,,,,,,,,,,,,,,,,,,,
crypto-apis-mainnet-dedicated-full-archive,,!offer:crypto-apis-dedicated-full-archive,,,,,,,mainnet,$3270,,,,,,,,,,,,,,,,,,
crypto-apis-mainnet-dedicated-recent-state,,!offer:crypto-apis-dedicated-recent-state,,,,,,,mainnet,$3270,,,,,,,,,,,,,,,,,,
crypto-apis-mainnet-free-full-archive,,!offer:crypto-apis-free-full-archive,,,,,,,mainnet,,,,,,,,,,,,,,,,,,,
crypto-apis-mainnet-free-recent-state,,!offer:crypto-apis-free-recent-state,,,,,,,mainnet,,,,,,,,,,,,,,,,,,,
crypto-apis-mainnet-pro-full-archive,,!offer:crypto-apis-pro-full-archive,,,,,,,mainnet,,,,,,,,,,,,,,,,,,,
crypto-apis-mainnet-pro-recent-state,,!offer:crypto-apis-pro-recent-state,,,,,,,mainnet,,,,,,,,,,,,,,,,,,,
crypto-apis-mainnet-scale-full-archive,,!offer:crypto-apis-scale-full-archive,,,,,,,mainnet,,,,,,,,,,,,,,,,,,,
crypto-apis-mainnet-scale-recent-state,,!offer:crypto-apis-scale-recent-state,,,,,,,mainnet,,,,,,,,,,,,,,,,,,,
crypto-apis-mainnet-starter-full-archive,,!offer:crypto-apis-starter-full-archive,,,,,,,mainnet,,,,,,,,,,,,,,,,,,,
crypto-apis-mainnet-starter-recent-state,,!offer:crypto-apis-starter-recent-state,,,,,,,mainnet,,,,,,,,,,,,,,,,,,,
dipdup-amoy-free-indexer,,!offer:dipdup-free-indexer,"[""[Website](https://dipdup.io/)"",""[Docs](https://dipdup.io/docs/supported-networks/polygon#polygon-amoy-testnet)""]",,,,,,amoy,,,,,,,,,,,,,,,,,,,
dipdup-mainnet-free-indexer,,!offer:dipdup-free-indexer,"[""[Website](https://dipdup.io/)"",""[Docs](https://dipdup.io/docs/supported-networks/polygon)""]",,,,,,mainnet,,,,,,,,,,,,,,,,,,,
dwellir-amoy-developer-full-archive,,!offer:dwellir-developer-full-archive,"[""[Buy](https://www.dwellir.com/pricing)"",""[Docs](https://www.dwellir.com/docs/polygon)""]",,,,,,amoy,,,,,,,,,,,,,,,,,,,
dwellir-amoy-free-full-archive,,!offer:dwellir-free-full-archive,"[""[Website](https://www.dwellir.com/networks/polygon)"",""[Docs](https://www.dwellir.com/docs/polygon)""]",,,,,,amoy,,,,,,,,,,,,,,,,,,,
dwellir-amoy-growth-full-archive,,!offer:dwellir-growth-full-archive,"[""[Buy](https://www.dwellir.com/pricing)"",""[Docs](https://www.dwellir.com/docs/polygon)""]",,,,,,amoy,,,,,,,,,,,,,,,,,,,
dwellir-amoy-scale-full-archive,,!offer:dwellir-scale-full-archive,"[""[Buy](https://www.dwellir.com/pricing)"",""[Docs](https://www.dwellir.com/docs/polygon)""]",,,,,,amoy,,,,,,,,,,,,,,,,,,,
dwellir-mainnet-developer-recent-state,,!offer:dwellir-developer-recent-state,"[""[Buy](https://www.dwellir.com/pricing)"",""[Docs](https://www.dwellir.com/docs/polygon)""]",,,,,,mainnet,,,,,,,,,,,,,,,,,,,
dwellir-mainnet-free-recent-state,,!offer:dwellir-free-recent-state,"[""[Website](https://www.dwellir.com/networks/polygon)"",""[Docs](https://www.dwellir.com/docs/polygon)""]",,,,,,mainnet,,,,,,,,,,,,,,,,,,,
dwellir-mainnet-growth-recent-state,,!offer:dwellir-growth-recent-state,"[""[Buy](https://www.dwellir.com/pricing)"",""[Docs](https://www.dwellir.com/docs/polygon)""]",,,,,,mainnet,,,,,,,,,,,,,,,,,,,
dwellir-mainnet-scale-recent-state,,!offer:dwellir-scale-recent-state,"[""[Buy](https://www.dwellir.com/pricing)"",""[Docs](https://www.dwellir.com/docs/polygon)""]",,,,,,mainnet,,,,,,,,,,,,,,,,,,,
envio-amoy-free-indexer,,!offer:envio-free-indexer,"[""[Website](https://envio.dev/)"",""[Docs](https://docs.envio.dev/docs/HyperIndex/polygon-amoy)""]",,,,,,amoy,,,,,,,,,,,,,,,,,,,
envio-amoy-pay-as-you-go-indexer,,!offer:envio-pay-as-you-go-indexer,"[""[Buy](https://envio.dev/pricing)"",""[Docs](https://docs.envio.dev/docs/HyperIndex/polygon-amoy)""]",,,,,,amoy,,,,,,,,,,,,,,,,,,,
envio-mainnet-free-indexer,,!offer:envio-free-indexer,"[""[Website](https://envio.dev/)"",""[Docs](https://docs.envio.dev/docs/HyperIndex/polygon)""]",,,,,,mainnet,,,,,,,,,,,,,,,,,,,
envio-mainnet-pay-as-you-go-indexer,,!offer:envio-pay-as-you-go-indexer,"[""[Buy](https://envio.dev/pricing)"",""[Docs](https://docs.envio.dev/docs/HyperIndex/polygon)""]",,,,,,mainnet,,,,,,,,,,,,,,,,,,,
etherscan-api-amoy-advanced-full-archive,,!offer:etherscan-api-advanced-full-archive,"[""[Docs](https://docs.etherscan.io/supported-chains)""]",,,,,,amoy,,,,,,,,,,,,,,,,,,,
etherscan-api-amoy-free-full-archive,,!offer:etherscan-api-free-full-archive,"[""[Docs](https://docs.etherscan.io/supported-chains)""]",,,,,,amoy,,,,,,,,,,,,,,,,,,,
etherscan-api-amoy-lite-full-archive,,!offer:etherscan-api-lite-full-archive,"[""[Docs](https://docs.etherscan.io/supported-chains)""]",,,,,,amoy,,,,,,,,,,,,,,,,,,,
etherscan-api-amoy-pro-plus-full-archive,,!offer:etherscan-api-pro-plus-full-archive,"[""[Docs](https://docs.etherscan.io/supported-chains)""]",,,,,,amoy,,,,,,,,,,,,,,,,,,,
etherscan-api-amoy-professional-full-archive,,!offer:etherscan-api-professional-full-archive,"[""[Docs](https://docs.etherscan.io/supported-chains)""]",,,,,,amoy,,,,,,,,,,,,,,,,,,,
etherscan-api-amoy-standard-full-archive,,!offer:etherscan-api-standard-full-archive,"[""[Docs](https://docs.etherscan.io/supported-chains)""]",,,,,,amoy,,,,,,,,,,,,,,,,,,,
etherscan-api-mainnet-advanced-full-archive,,!offer:etherscan-api-advanced-full-archive,"[""[Docs](https://docs.etherscan.io/supported-chains)""]",,,,,,mainnet,,,,,,,,,,,,,,,,,,,
etherscan-api-mainnet-free-full-archive,,!offer:etherscan-api-free-full-archive,"[""[Docs](https://docs.etherscan.io/supported-chains)""]",,,,,,mainnet,,,,,,,,,,,,,,,,,,,
etherscan-api-mainnet-lite-full-archive,,!offer:etherscan-api-lite-full-archive,"[""[Docs](https://docs.etherscan.io/supported-chains)""]",,,,,,mainnet,,,,,,,,,,,,,,,,,,,
etherscan-api-mainnet-pro-plus-full-archive,,!offer:etherscan-api-pro-plus-full-archive,"[""[Docs](https://docs.etherscan.io/supported-chains)""]",,,,,,mainnet,,,,,,,,,,,,,,,,,,,
etherscan-api-mainnet-professional-full-archive,,!offer:etherscan-api-professional-full-archive,"[""[Docs](https://docs.etherscan.io/supported-chains)""]",,,,,,mainnet,,,,,,,,,,,,,,,,,,,
etherscan-api-mainnet-standard-full-archive,,!offer:etherscan-api-standard-full-archive,"[""[Docs](https://docs.etherscan.io/supported-chains)""]",,,,,,mainnet,,,,,,,,,,,,,,,,,,,
getblock-amoy-advanced-recent-state,,!offer:getblock-advanced-recent-state,"[""[Buy](https://account.getblock.io/sign-up?ref=YzczMmRjMTEtMGIyOC01YmZiLTlmNjAtZmRlM2VkODAyYjNk)"",""[Docs](https://docs.getblock.io/api-reference/polygon-matic)""]",,,,,,amoy,,,,,,,,,,,,,,,,,,,
getblock-amoy-dedicated-recent-state,,!offer:getblock-dedicated-recent-state,"[""[Contact](https://account.getblock.io/sign-up?ref=YzczMmRjMTEtMGIyOC01YmZiLTlmNjAtZmRlM2VkODAyYjNk)"",""[Docs](https://docs.getblock.io/api-reference/polygon-matic)""]",,,,,,amoy,,,,,,,,,,,,,,,,,,,
getblock-amoy-free-recent-state,,!offer:getblock-free-recent-state,"[""[Website](https://account.getblock.io/sign-up?ref=YzczMmRjMTEtMGIyOC01YmZiLTlmNjAtZmRlM2VkODAyYjNk)"",""[Docs](https://docs.getblock.io/api-reference/polygon-matic)""]",,,,,,amoy,,,,,,,,,,,,,,,,,,,
getblock-amoy-pro-recent-state,,!offer:getblock-pro-recent-state,"[""[Buy](https://account.getblock.io/sign-up?ref=YzczMmRjMTEtMGIyOC01YmZiLTlmNjAtZmRlM2VkODAyYjNk)"",""[Docs](https://docs.getblock.io/api-reference/polygon-matic)""]",,,,,,amoy,,,,,,,,,,,,,,,,,,,
getblock-amoy-starter-recent-state,,!offer:getblock-starter-recent-state,"[""[Buy](https://account.getblock.io/sign-up?ref=YzczMmRjMTEtMGIyOC01YmZiLTlmNjAtZmRlM2VkODAyYjNk)"",""[Docs](https://docs.getblock.io/api-reference/polygon-matic)""]",,,,,,amoy,,,,,,,,,,,,,,,,,,,
getblock-mainnet-advanced-full-archive,,!offer:getblock-advanced-full-archive,"[""[Buy](https://account.getblock.io/sign-up?ref=YzczMmRjMTEtMGIyOC01YmZiLTlmNjAtZmRlM2VkODAyYjNk)"",""[Docs](https://docs.getblock.io/api-reference/polygon-matic)""]",,,,,,mainnet,,,,,,,,,,,,,,,,,,,
getblock-mainnet-advanced-recent-state,,!offer:getblock-advanced-recent-state,"[""[Buy](https://account.getblock.io/sign-up?ref=YzczMmRjMTEtMGIyOC01YmZiLTlmNjAtZmRlM2VkODAyYjNk)"",""[Docs](https://docs.getblock.io/api-reference/polygon-matic)""]",,,,,,mainnet,,,,,,,,,,,,,,,,,,,
getblock-mainnet-dedicated-full-archive,,!offer:getblock-dedicated-full-archive,"[""[Contact](https://account.getblock.io/sign-up?ref=YzczMmRjMTEtMGIyOC01YmZiLTlmNjAtZmRlM2VkODAyYjNk)"",""[Docs](https://docs.getblock.io/api-reference/polygon-matic)""]",,,,,,mainnet,,,,,,,,,,,,,,,,,,,
getblock-mainnet-dedicated-recent-state,,!offer:getblock-dedicated-recent-state,"[""[Contact](https://account.getblock.io/sign-up?ref=YzczMmRjMTEtMGIyOC01YmZiLTlmNjAtZmRlM2VkODAyYjNk)"",""[Docs](https://docs.getblock.io/api-reference/polygon-matic)""]",,,,,,mainnet,,,,,,,,,,,,,,,,,,,
getblock-mainnet-free-recent-state,,!offer:getblock-free-recent-state,"[""[Website](https://account.getblock.io/sign-up?ref=YzczMmRjMTEtMGIyOC01YmZiLTlmNjAtZmRlM2VkODAyYjNk)"",""[Docs](https://docs.getblock.io/api-reference/polygon-matic)""]",,,,,,mainnet,,,,,,,,,,,,,,,,,,,
getblock-mainnet-pro-full-archive,,!offer:getblock-pro-full-archive,"[""[Buy](https://account.getblock.io/sign-up?ref=YzczMmRjMTEtMGIyOC01YmZiLTlmNjAtZmRlM2VkODAyYjNk)"",""[Docs](https://docs.getblock.io/api-reference/polygon-matic)""]",,,,,,mainnet,,,,,,,,,,,,,,,,,,,
getblock-mainnet-pro-recent-state,,!offer:getblock-pro-recent-state,"[""[Buy](https://account.getblock.io/sign-up?ref=YzczMmRjMTEtMGIyOC01YmZiLTlmNjAtZmRlM2VkODAyYjNk)"",""[Docs](https://docs.getblock.io/api-reference/polygon-matic)""]",,,,,,mainnet,,,,,,,,,,,,,,,,,,,
getblock-mainnet-starter-full-archive,,!offer:getblock-starter-full-archive,"[""[Buy](https://account.getblock.io/sign-up?ref=YzczMmRjMTEtMGIyOC01YmZiLTlmNjAtZmRlM2VkODAyYjNk)"",""[Docs](https://docs.getblock.io/api-reference/polygon-matic)""]",,,,,,mainnet,,,,,,,,,,,,,,,,,,,
getblock-mainnet-starter-recent-state,,!offer:getblock-starter-recent-state,"[""[Buy](https://account.getblock.io/sign-up?ref=YzczMmRjMTEtMGIyOC01YmZiLTlmNjAtZmRlM2VkODAyYjNk)"",""[Docs](https://docs.getblock.io/api-reference/polygon-matic)""]",,,,,,mainnet,,,,,,,,,,,,,,,,,,,
ginco-amoy-free-indexer,,!offer:ginco-free-indexer,,,,,,,amoy,,,,,,,,,,,,,,,,,,,
ginco-amoy-free-recent-state,,!offer:ginco-free-recent-state,,,,,,,amoy,,,,,,,,,,,,,,,,,,,
ginco-mainnet-free-indexer,,!offer:ginco-free-indexer,,,,,,,mainnet,,,,,,,,,,,,,,,,,,,
ginco-mainnet-free-recent-state,,!offer:ginco-free-recent-state,,,,,,,mainnet,,,,,,,,,,,,,,,,,,,
goldrush-amoy-free-indexer,,!offer:goldrush-free-indexer,"[""[Website](https://goldrush.dev/chains/polygon/)"",""[Docs](https://goldrush.dev/docs/chains/polygon#testnet)""]",,,,,,amoy,,,,,,,,,,,,,,,,,,,
goldrush-amoy-pay-as-you-go-indexer,,!offer:goldrush-pay-as-you-go-indexer,"[""[Buy](https://goldrush.dev/pricing/)"",""[Docs](https://goldrush.dev/docs/chains/polygon#testnet)""]",,,,,,amoy,,,,,,,,,,,,,,,,,,,
goldsky-amoy-free-indexer,,!offer:goldsky-free-indexer,"[""[Website](https://goldsky.com/chains/polygon-pos)"",""[Docs](https://docs.goldsky.com/subgraphs/introduction)""]",,,,,,amoy,,,,,,,,,,,,,,,,,,,
goldsky-amoy-pay-as-you-go-indexer,,!offer:goldsky-pay-as-you-go-indexer,"[""[Buy](https://goldsky.com/pricing)"",""[Docs](https://docs.goldsky.com/subgraphs/introduction)""]",,,,,,amoy,,,,,,,,,,,,,,,,,,,
goldsky-mainnet-free-indexer,,!offer:goldsky-free-indexer,"[""[Website](https://goldsky.com/chains/polygon-pos)"",""[Docs](https://docs.goldsky.com/subgraphs/introduction)""]",,,,,,mainnet,,,,,,,,,,,,,,,,,,,
goldsky-mainnet-pay-as-you-go-indexer,,!offer:goldsky-pay-as-you-go-indexer,"[""[Buy](https://goldsky.com/pricing)"",""[Docs](https://docs.goldsky.com/mirror/guides/token-transfers/stablecoin-addresses#polygon)""]",,,,,,mainnet,,,,,,,,,,,,,,,,,,,
indexing-co-mainnet-free-indexer,,!offer:indexing-co-free-indexer,"[""[Docs](https://docs.indexing.co/networks/polygon)""]",,,,,,mainnet,,,,,,,,,,,,,,,,,,,
indexing-co-mainnet-pay-as-you-go-indexer,,!offer:indexing-co-pay-as-you-go-indexer,"[""[Docs](https://docs.indexing.co/networks/polygon)""]",,,,,,mainnet,,,,,,,,,,,,,,,,,,,
infura-amoy-core-full-archive,,!offer:infura-core-full-archive,"[""[Website](https://www.infura.io/networks/ethereum/polygon)"",""[Docs](https://docs.infura.io/reference/polygon-pos/)""]",,,,,,amoy,,,,,,,,,,,,,,,,,,,
infura-amoy-core-recent-state,,!offer:infura-core-recent-state,"[""[Website](https://www.infura.io/networks/ethereum/polygon)"",""[Docs](https://docs.infura.io/reference/polygon-pos/)""]",,,,,,amoy,,,,,,,,,,,,,,,,,,,
infura-amoy-developer-full-archive,,!offer:infura-developer-full-archive,"[""[Buy](https://www.infura.io/pricing)"",""[Docs](https://docs.infura.io/reference/polygon-pos/)""]",,,,,,amoy,,,,,,,,,,,,,,,,,,,
infura-amoy-developer-recent-state,,!offer:infura-developer-recent-state,"[""[Buy](https://www.infura.io/pricing)"",""[Docs](https://docs.infura.io/reference/polygon-pos/)""]",,,,,,amoy,,,,,,,,,,,,,,,,,,,
infura-amoy-team-full-archive,,!offer:infura-team-full-archive,"[""[Buy](https://www.infura.io/pricing)"",""[Docs](https://docs.infura.io/reference/polygon-pos/)""]",,,,,,amoy,,,,,,,,,,,,,,,,,,,
infura-amoy-team-recent-state,,!offer:infura-team-recent-state,"[""[Buy](https://www.infura.io/pricing)"",""[Docs](https://docs.infura.io/reference/polygon-pos/)""]",,,,,,amoy,,,,,,,,,,,,,,,,,,,
infura-mainnet-core-full-archive,,!offer:infura-core-full-archive,"[""[Website](https://www.infura.io/networks/ethereum/polygon)"",""[Docs](https://docs.infura.io/reference/polygon-pos/)""]",,,,,,mainnet,,,,,,,,,,,,,,,,,,,
infura-mainnet-core-recent-state,,!offer:infura-core-recent-state,"[""[Website](https://www.infura.io/networks/ethereum/polygon)"",""[Docs](https://docs.infura.io/reference/polygon-pos/)""]",,,,,,mainnet,,,,,,,,,,,,,,,,,,,
infura-mainnet-developer-full-archive,,!offer:infura-developer-full-archive,"[""[Buy](https://www.infura.io/pricing)"",""[Docs](https://docs.infura.io/reference/polygon-pos/)""]",,,,,,mainnet,,,,,,,,,,,,,,,,,,,
infura-mainnet-developer-recent-state,,!offer:infura-developer-recent-state,"[""[Buy](https://www.infura.io/pricing)"",""[Docs](https://docs.infura.io/reference/polygon-pos/)""]",,,,,,mainnet,,,,,,,,,,,,,,,,,,,
infura-mainnet-team-full-archive,,!offer:infura-team-full-archive,"[""[Buy](https://www.infura.io/pricing)"",""[Docs](https://docs.infura.io/reference/polygon-pos/)""]",,,,,,mainnet,,,,,,,,,,,,,,,,,,,
infura-mainnet-team-recent-state,,!offer:infura-team-recent-state,"[""[Buy](https://www.infura.io/pricing)"",""[Docs](https://docs.infura.io/reference/polygon-pos/)""]",,,,,,mainnet,,,,,,,,,,,,,,,,,,,
mobula-mainnet-free-indexer,,!offer:mobula-free-indexer,"[""[Website](https://goldsky.com/chains/polygon-pos)"",""[Docs](https://docs.goldsky.com/subgraphs/introduction)""]",,,,,,mainnet,,,,,,,,,,,,,,,,,,,
mobula-mainnet-pay-as-you-go-indexer,,!offer:mobula-pay-as-you-go-indexer,"[""[Buy](https://goldsky.com/pricing)"",""[Docs](https://docs.goldsky.com/subgraphs/introduction)""]",,,,,,mainnet,,,,,,,,,,,,,,,,,,,
moralis-amoy-business-full-archive,,!offer:moralis-business-full-archive,,,,,,,amoy,,,,,,,,,,,,,,,,,,,
moralis-amoy-free-full-archive,,!offer:moralis-free-full-archive,,,,,,,amoy,,,,,,,,,,,,,,,,,,,
moralis-amoy-indexer-business,,!offer:moralis-indexer-business,,,,,,,amoy,,,,,,,,,,,,,,,,,,,
moralis-amoy-indexer-free,,!offer:moralis-indexer-free,,,,,,,amoy,,,,,,,,,,,,,,,,,,,
moralis-amoy-indexer-pro,,!offer:moralis-indexer-pro,,,,,,,amoy,,,,,,,,,,,,,,,,,,,
moralis-amoy-indexer-starter,,!offer:moralis-indexer-starter,,,,,,,amoy,,,,,,,,,,,,,,,,,,,
moralis-amoy-pro-full-archive,,!offer:moralis-pro-full-archive,,,,,,,amoy,,,,,,,,,,,,,,,,,,,
moralis-amoy-starter-full-archive,,!offer:moralis-starter-full-archive,,,,,,,amoy,,,,,,,,,,,,,,,,,,,
moralis-mainnet-business-full-archive,,!offer:moralis-business-full-archive,,,,,,,mainnet,,,,,,,,,,,,,,,,,,,
moralis-mainnet-free-full-archive,,!offer:moralis-free-full-archive,,,,,,,mainnet,,,,,,,,,,,,,,,,,,,
moralis-mainnet-indexer-business,,!offer:moralis-indexer-business,,,,,,,mainnet,,,,,,,,,,,,,,,,,,,
moralis-mainnet-indexer-free,,!offer:moralis-indexer-free,,,,,,,mainnet,,,,,,,,,,,,,,,,,,,
moralis-mainnet-indexer-pro,,!offer:moralis-indexer-pro,,,,,,,mainnet,,,,,,,,,,,,,,,,,,,
moralis-mainnet-indexer-starter,,!offer:moralis-indexer-starter,,,,,,,mainnet,,,,,,,,,,,,,,,,,,,
moralis-mainnet-pro-full-archive,,!offer:moralis-pro-full-archive,,,,,,,mainnet,,,,,,,,,,,,,,,,,,,
moralis-mainnet-starter-full-archive,,!offer:moralis-starter-full-archive,,,,,,,mainnet,,,,,,,,,,,,,,,,,,,
nodit-amoy-business-full-archive,,!offer:nodit-business-full-archive,,,,,,,amoy,,,,,,,,,,,,,,,,,,,
nodit-amoy-business-recent-state,,!offer:nodit-business-recent-state,,,,,,,amoy,,,,,,,,,,,,,,,,,,,
nodit-amoy-developer-full-archive,,!offer:nodit-developer-full-archive,,,,,,,amoy,,,,,,,,,,,,,,,,,,,
nodit-amoy-developer-recent-state,,!offer:nodit-developer-recent-state,,,,,,,amoy,,,,,,,,,,,,,,,,,,,
nodit-amoy-starter-full-archive,,!offer:nodit-starter-full-archive,,,,,,,amoy,,,,,,,,,,,,,,,,,,,
nodit-amoy-starter-plus-full-archive,,!offer:nodit-starter-plus-full-archive,,,,,,,amoy,,,,,,,,,,,,,,,,,,,
nodit-amoy-starter-plus-recent-state,,!offer:nodit-starter-plus-recent-state,,,,,,,amoy,,,,,,,,,,,,,,,,,,,
nodit-amoy-starter-recent-state,,!offer:nodit-starter-recent-state,,,,,,,amoy,,,,,,,,,,,,,,,,,,,
nodit-mainnet-business-full-archive,,!offer:nodit-business-full-archive,,,,,,,mainnet,,,,,,,,,,,,,,,,,,,
nodit-mainnet-business-recent-state,,!offer:nodit-business-recent-state,,,,,,,mainnet,,,,,,,,,,,,,,,,,,,
nodit-mainnet-developer-full-archive,,!offer:nodit-developer-full-archive,,,,,,,mainnet,,,,,,,,,,,,,,,,,,,
nodit-mainnet-developer-recent-state,,!offer:nodit-developer-recent-state,,,,,,,mainnet,,,,,,,,,,,,,,,,,,,
nodit-mainnet-starter-full-archive,,!offer:nodit-starter-full-archive,,,,,,,mainnet,,,,,,,,,,,,,,,,,,,
nodit-mainnet-starter-plus-full-archive,,!offer:nodit-starter-plus-full-archive,,,,,,,mainnet,,,,,,,,,,,,,,,,,,,
nodit-mainnet-starter-plus-recent-state,,!offer:nodit-starter-plus-recent-state,,,,,,,mainnet,,,,,,,,,,,,,,,,,,,
nodit-mainnet-starter-recent-state,,!offer:nodit-starter-recent-state,,,,,,,mainnet,,,,,,,,,,,,,,,,,,,
noves-mainnet-business-custom,,!offer:noves-business-custom,"[""[Docs](https://docs.noves.fi/reference/supported-chains)""]",,,,,,mainnet,,,,,,,,,,,,,,,,,,,
noves-mainnet-developer-custom,,!offer:noves-developer-custom,"[""[Docs](https://docs.noves.fi/reference/supported-chains)""]",,,,,,mainnet,,,,,,,,,,,,,,,,,,,
noves-mainnet-free-custom,,!offer:noves-free-custom,"[""[Docs](https://docs.noves.fi/reference/supported-chains)""]",,,,,,mainnet,,,,,,,,,,,,,,,,,,,
nownodes-mainnet-business-recent-state,,!offer:nownodes-business-recent-state,"[""[Buy](https://nownodes.io/pricing)"",""[Docs](https://nownodes.io/nodes/polygon)""]",,,,,,mainnet,,,,,,,,,,,,,,,,,,,
nownodes-mainnet-dedicated-recent-state,,!offer:nownodes-dedicated-recent-state,"[""[Contact](https://account.nownodes.io/auth/login)"",""[Docs](https://nownodes.io/nodes/polygon)""]",,,,,,mainnet,,,,,,,,,,,,,,,,,,,
nownodes-mainnet-enterprise-recent-state,,!offer:nownodes-enterprise-recent-state,"[""[Buy](https://nownodes.io/pricing)"",""[Docs](https://nownodes.io/nodes/polygon)""]",,,,,,mainnet,,,,,,,,,,,,,,,,,,,
nownodes-mainnet-free-recent-state,,!offer:nownodes-free-recent-state,"[""[Website](https://nownodes.io/nodes/polygon-matic)"",""[Docs](https://nownodes.io/nodes/polygon)""]",,,,,,mainnet,,,,,,,,,,,,,,,,,,,
nownodes-mainnet-pro-recent-state,,!offer:nownodes-pro-recent-state,"[""[Buy](https://nownodes.io/pricing)"",""[Docs](https://nownodes.io/nodes/polygon)""]",,,,,,mainnet,,,,,,,,,,,,,,,,,,,
omnia-mainnet-free-recent-state,,!offer:omnia-free-recent-state,,,,,,,mainnet,,,,,,,,,,,,,,,,,,,
omnia-mainnet-pro-elite-recent-state,,!offer:omnia-pro-elite-recent-state,,,,,,,mainnet,,,,,,,,,,,,,,,,,,,
omnia-mainnet-pro-growth-recent-state,,!offer:omnia-pro-growth-recent-state,,,,,,,mainnet,,,,,,,,,,,,,,,,,,,
omnia-mainnet-pro-recent-state,,!offer:omnia-pro-recent-state,,,,,,,mainnet,,,,,,,,,,,,,,,,,,,
onfinality-amoy-accelerate-full-archive,,!offer:onfinality-accelerate-full-archive,"[""[Buy](https://onfinality.io/en/pricing)"",""[Docs](https://onfinality.io/en/networks/polygon)""]",,,,,,amoy,,,,,,,,,,,,,,,,,,,
onfinality-amoy-accelerate-trace,,!offer:onfinality-accelerate-trace,"[""[Buy](https://onfinality.io/en/pricing)"",""[Docs](https://onfinality.io/en/networks/polygon)""]",,,,,,amoy,,,,,,,,,,,,,,,,,,,
onfinality-amoy-developer-full-archive,,!offer:onfinality-developer-full-archive,"[""[Website](https://onfinality.io/en/networks/polygon)"",""[Docs](https://onfinality.io/en/networks/polygon)""]",,,,,,amoy,,,,,,,,,,,,,,,,,,,
onfinality-amoy-free-plan-indexer,,!offer:onfinality-free-plan-indexer,"[""[Website](https://onfinality.io/en/networks/polygon)"",""[Docs](https://documentation.onfinality.io/support/polygon)""]",,,,,,amoy,,,,,,,,,,,,,,,,,,,
onfinality-amoy-growth-full-archive,,!offer:onfinality-growth-full-archive,"[""[Buy](https://onfinality.io/en/pricing)"",""[Docs](https://onfinality.io/en/networks/polygon)""]",,,,,,amoy,,,,,,,,,,,,,,,,,,,
onfinality-amoy-growth-trace,,!offer:onfinality-growth-trace,"[""[Buy](https://onfinality.io/en/pricing)"",""[Docs](https://onfinality.io/en/networks/polygon)""]",,,,,,amoy,,,,,,,,,,,,,,,,,,,
onfinality-amoy-standard-plan-indexer,,!offer:onfinality-standard-plan-indexer,"[""[Buy](https://indexing.onfinality.io/en/pricing)"",""[Docs](https://documentation.onfinality.io/support/pricing)""]",,,,,,amoy,,,,,,,,,,,,,,,,,,,
onfinality-dedicated-full-archive,,!offer:onfinality-dedicated-full-archive,"[""[Contact](https://onfinality.io/en/pricing)"",""[Docs](https://documentation.onfinality.io/support/arbitrum)""]",,,,,,mainnet,,,,,,,,,,,,,,,,,,,
onfinality-mainnet-accelerate-full-archive,,!offer:onfinality-accelerate-full-archive,"[""[Buy](https://onfinality.io/en/pricing)"",""[Docs](https://onfinality.io/en/networks/polygon)""]",,,,,,mainnet,,,,,,,,,,,,,,,,,,,
onfinality-mainnet-accelerate-trace,,!offer:onfinality-accelerate-trace,"[""[Buy](https://onfinality.io/en/pricing)"",""[Docs](https://onfinality.io/en/networks/polygon)""]",,,,,,mainnet,,,,,,,,,,,,,,,,,,,
onfinality-mainnet-developer-full-archive,,!offer:onfinality-developer-full-archive,"[""[Website](https://onfinality.io/en/networks/polygon)"",""[Docs](https://onfinality.io/en/networks/polygon)""]",,,,,,mainnet,,,,,,,,,,,,,,,,,,,
onfinality-mainnet-free-plan-indexer,,!offer:onfinality-free-plan-indexer,"[""[Website](https://onfinality.io/en/networks/polygon)"",""[Docs](https://documentation.onfinality.io/support/polygon)""]",,,,,,mainnet,,,,,,,,,,,,,,,,,,,
onfinality-mainnet-growth-full-archive,,!offer:onfinality-growth-full-archive,"[""[Buy](https://onfinality.io/en/pricing)"",""[Docs](https://onfinality.io/en/networks/polygon)""]",,,,,,mainnet,,,,,,,,,,,,,,,,,,,
onfinality-mainnet-growth-trace,,!offer:onfinality-growth-trace,"[""[Buy](https://onfinality.io/en/pricing)"",""[Docs](https://onfinality.io/en/networks/polygon)""]",,,,,,mainnet,,,,,,,,,,,,,,,,,,,
onfinality-mainnet-standard-plan-indexer,,!offer:onfinality-standard-plan-indexer,"[""[Buy](https://indexing.onfinality.io/en/pricing)"",""[Docs](https://documentation.onfinality.io/support/pricing)""]",,,,,,mainnet,,,,,,,,,,,,,,,,,,,
ormi-amoy-enterprise-indexer,,!offer:ormi-enterprise-indexer,"[""[Contact](https://calendly.com/ormilabs)"",""[Docs](https://docs.ormilabs.com/supported-chains/subgraphs)""]",,,,,,amoy,,,,,,,,,,,,,,,,,,,
ormi-amoy-free-indexer,,!offer:ormi-free-indexer,"[""[Website](https://ormilabs.com/chain-list/polygon/)"",""[Docs](https://docs.ormilabs.com/supported-chains/subgraphs)""]",,,,,,amoy,,,,,,,,,,,,,,,,,,,
ormi-amoy-pay-as-you-go-indexer,,!offer:ormi-pay-as-you-go-indexer,"[""[Buy](https://ormilabs.com/pricing/)"",""[Docs](https://docs.ormilabs.com/supported-chains/subgraphs)""]",,,,,,amoy,,,,,,,,,,,,,,,,,,,
ormi-mainnet-enterprise-indexer,,!offer:ormi-enterprise-indexer,"[""[Contact](https://calendly.com/ormilabs)"",""[Docs](https://docs.ormilabs.com/supported-chains/subgraphs)""]",,,,,,mainnet,,,,,,,,,,,,,,,,,,,
ormi-mainnet-free-indexer,,!offer:ormi-free-indexer,"[""[Website](https://ormilabs.com/chain-list/polygon/)"",""[Docs](https://docs.ormilabs.com/supported-chains/subgraphs)""]",,,,,,mainnet,,,,,,,,,,,,,,,,,,,
ormi-mainnet-pay-as-you-go-indexer,,!offer:ormi-pay-as-you-go-indexer,"[""[Buy](https://ormilabs.com/pricing/)"",""[Docs](https://docs.ormilabs.com/supported-chains/subgraphs)""]",,,,,,mainnet,,,,,,,,,,,,,,,,,,,
quicknode-amoy-accelerate-full-archive,,!offer:quicknode-accelerate-full-archive,,,,,,,amoy,,,,,,,,,,,,,,,,,,,
quicknode-amoy-accelerate-recent-state,,!offer:quicknode-accelerate-recent-state,,,,,,,amoy,,,,,,,,,,,,,,,,,,,
quicknode-amoy-build-full-archive,,!offer:quicknode-build-full-archive,,,,,,,amoy,,,,,,,,,,,,,,,,,,,
quicknode-amoy-build-recent-state,,!offer:quicknode-build-recent-state,,,,,,,amoy,,,,,,,,,,,,,,,,,,,
quicknode-amoy-business-full-archive,,!offer:quicknode-business-full-archive,,,,,,,amoy,,,,,,,,,,,,,,,,,,,
quicknode-amoy-business-recent-state,,!offer:quicknode-business-recent-state,,,,,,,amoy,,,,,,,,,,,,,,,,,,,
quicknode-amoy-scale-full-archive,,!offer:quicknode-scale-full-archive,,,,,,,amoy,,,,,,,,,,,,,,,,,,,
quicknode-amoy-scale-recent-state,,!offer:quicknode-scale-recent-state,,,,,,,amoy,,,,,,,,,,,,,,,,,,,
quicknode-mainnet-accelerate-full-archive,,!offer:quicknode-accelerate-full-archive,,,,,,,mainnet,,,,,,,,,,,,,,,,,,,
quicknode-mainnet-accelerate-recent-state,,!offer:quicknode-accelerate-recent-state,,,,,,,mainnet,,,,,,,,,,,,,,,,,,,
quicknode-mainnet-build-full-archive,,!offer:quicknode-build-full-archive,,,,,,,mainnet,,,,,,,,,,,,,,,,,,,
quicknode-mainnet-build-recent-state,,!offer:quicknode-build-recent-state,,,,,,,mainnet,,,,,,,,,,,,,,,,,,,
quicknode-mainnet-business-full-archive,,!offer:quicknode-business-full-archive,,,,,,,mainnet,,,,,,,,,,,,,,,,,,,
quicknode-mainnet-business-recent-state,,!offer:quicknode-business-recent-state,,,,,,,mainnet,,,,,,,,,,,,,,,,,,,
quicknode-mainnet-scale-full-archive,,!offer:quicknode-scale-full-archive,,,,,,,mainnet,,,,,,,,,,,,,,,,,,,
quicknode-mainnet-scale-recent-state,,!offer:quicknode-scale-recent-state,,,,,,,mainnet,,,,,,,,,,,,,,,,,,,
rpcfast-mainnet-free-recent-state,,!offer:rpcfast-free-recent-state,"[""[Website](https://rpcfast.com/chain/polygon-api)"",""[Docs](https://docs.rpcfast.com)""]",,,,,,mainnet,,,,,,,,,,,,,,,,,,,
spectrum-amoy-business-full-archive,,!offer:spectrum-business-full-archive,"[""[Website](https://spectrumnodes.com/networks/polygon-rpc)""]",,,,,,amoy,,,,,,,,,,,,,,,,,,,
spectrum-amoy-business-trace,,!offer:spectrum-business-trace,"[""[Website](https://spectrumnodes.com/networks/polygon-rpc)""]",,,,,,amoy,,,,,,,,,,,,,,,,,,,
spectrum-amoy-developer-full-archive,,!offer:spectrum-developer-full-archive,"[""[Website](https://spectrumnodes.com/networks/polygon-rpc)""]",,,,,,amoy,,,,,,,,,,,,,,,,,,,
spectrum-amoy-developer-trace,,!offer:spectrum-developer-trace,"[""[Website](https://spectrumnodes.com/networks/polygon-rpc)""]",,,,,,amoy,,,,,,,,,,,,,,,,,,,
spectrum-amoy-enterprise-full-archive,,!offer:spectrum-enterprise-full-archive,"[""[Website](https://spectrumnodes.com/networks/polygon-rpc)""]",,,,,,amoy,,,,,,,,,,,,,,,,,,,
spectrum-amoy-enterprise-trace,,!offer:spectrum-enterprise-trace,"[""[Website](https://spectrumnodes.com/networks/polygon-rpc)""]",,,,,,amoy,,,,,,,,,,,,,,,,,,,
spectrum-amoy-free-full-archive,,!offer:spectrum-free-full-archive,"[""[Website](https://spectrumnodes.com/networks/polygon-rpc)""]",,,,,,amoy,,,,,,,,,,,,,,,,,,,
spectrum-amoy-free-trace,,!offer:spectrum-free-trace,"[""[Website](https://spectrumnodes.com/networks/polygon-rpc)""]",,,,,,amoy,,,,,,,,,,,,,,,,,,,
spectrum-mainnet-business-full-archive,,!offer:spectrum-business-full-archive,"[""[Website](https://spectrumnodes.com/networks/polygon-rpc)""]",,,,,,mainnet,,,,,,,,,,,,,,,,,,,
spectrum-mainnet-business-recent-state,,!offer:spectrum-business-recent-state,"[""[Website](https://spectrumnodes.com/networks/polygon-rpc)""]",,,,,,mainnet,,,,,,,,,,,,,,,,,,,
spectrum-mainnet-business-trace,,!offer:spectrum-business-trace,"[""[Website](https://spectrumnodes.com/networks/polygon-rpc)""]",,,,,,mainnet,,,,,,,,,,,,,,,,,,,
spectrum-mainnet-developer-full-archive,,!offer:spectrum-developer-full-archive,"[""[Website](https://spectrumnodes.com/networks/polygon-rpc)""]",,,,,,mainnet,,,,,,,,,,,,,,,,,,,
spectrum-mainnet-developer-recent-state,,!offer:spectrum-developer-recent-state,"[""[Website](https://spectrumnodes.com/networks/polygon-rpc)""]",,,,,,mainnet,,,,,,,,,,,,,,,,,,,
spectrum-mainnet-developer-trace,,!offer:spectrum-developer-trace,"[""[Website](https://spectrumnodes.com/networks/polygon-rpc)""]",,,,,,mainnet,,,,,,,,,,,,,,,,,,,
spectrum-mainnet-enterprise-full-archive,,!offer:spectrum-enterprise-full-archive,"[""[Website](https://spectrumnodes.com/networks/polygon-rpc)""]",,,,,,mainnet,,,,,,,,,,,,,,,,,,,
spectrum-mainnet-enterprise-recent-state,,!offer:spectrum-enterprise-recent-state,"[""[Website](https://spectrumnodes.com/networks/polygon-rpc)""]",,,,,,mainnet,,,,,,,,,,,,,,,,,,,
spectrum-mainnet-enterprise-trace,,!offer:spectrum-enterprise-trace,"[""[Website](https://spectrumnodes.com/networks/polygon-rpc)""]",,,,,,mainnet,,,,,,,,,,,,,,,,,,,
spectrum-mainnet-free-full-archive,,!offer:spectrum-free-full-archive,"[""[Website](https://spectrumnodes.com/networks/polygon-rpc)""]",,,,,,mainnet,,,,,,,,,,,,,,,,,,,
spectrum-mainnet-free-recent-state,,!offer:spectrum-free-recent-state,"[""[Website](https://spectrumnodes.com/networks/polygon-rpc)""]",,,,,,mainnet,,,,,,,,,,,,,,,,,,,
spectrum-mainnet-free-trace,,!offer:spectrum-free-trace,"[""[Website](https://spectrumnodes.com/networks/polygon-rpc)""]",,,,,,mainnet,,,,,,,,,,,,,,,,,,,
speedynodes-mainnet-advanced-full-archive,,!offer:speedynodes-advanced-full-archive,"[""[Docs](https://docs.speedynodes.com/networks/overview/)""]",,,,,,mainnet,,,,,,,,,,,,,,,,,,,
speedynodes-mainnet-advanced-recent-state,,!offer:speedynodes-advanced-recent-state,"[""[Docs](https://docs.speedynodes.com/networks/overview/)""]",,,,,,mainnet,,,,,,,,,,,,,,,,,,,
speedynodes-mainnet-dedicated-full-archive,,!offer:speedynodes-dedicated-full-archive,"[""[Docs](https://docs.speedynodes.com/networks/overview/)""]",,,,,,mainnet,,,,,,,,,,,,,,,,,,,
speedynodes-mainnet-dedicated-recent-state,,!offer:speedynodes-dedicated-recent-state,"[""[Docs](https://docs.speedynodes.com/networks/overview/)""]",,,,,,mainnet,,,,,,,,,,,,,,,,,,,
speedynodes-mainnet-free-full-archive,,!offer:speedynodes-free-full-archive,"[""[Docs](https://docs.speedynodes.com/networks/overview/)""]",,,,,,mainnet,,,,,,,,,,,,,,,,,,,
speedynodes-mainnet-free-recent-state,,!offer:speedynodes-free-recent-state,"[""[Docs](https://docs.speedynodes.com/networks/overview/)""]",,,,,,mainnet,,,,,,,,,,,,,,,,,,,
speedynodes-mainnet-pro-full-archive,,!offer:speedynodes-pro-full-archive,"[""[Docs](https://docs.speedynodes.com/networks/overview/)""]",,,,,,mainnet,,,,,,,,,,,,,,,,,,,
speedynodes-mainnet-pro-recent-state,,!offer:speedynodes-pro-recent-state,"[""[Docs](https://docs.speedynodes.com/networks/overview/)""]",,,,,,mainnet,,,,,,,,,,,,,,,,,,,
speedynodes-mainnet-scale-full-archive,,!offer:speedynodes-scale-full-archive,"[""[Docs](https://docs.speedynodes.com/networks/overview/)""]",,,,,,mainnet,,,,,,,,,,,,,,,,,,,
speedynodes-mainnet-scale-recent-state,,!offer:speedynodes-scale-recent-state,"[""[Docs](https://docs.speedynodes.com/networks/overview/)""]",,,,,,mainnet,,,,,,,,,,,,,,,,,,,
speedynodes-mainnet-starter-full-archive,,!offer:speedynodes-starter-full-archive,"[""[Docs](https://docs.speedynodes.com/networks/overview/)""]",,,,,,mainnet,,,,,,,,,,,,,,,,,,,
speedynodes-mainnet-starter-recent-state,,!offer:speedynodes-starter-recent-state,"[""[Docs](https://docs.speedynodes.com/networks/overview/)""]",,,,,,mainnet,,,,,,,,,,,,,,,,,,,
sqd-amoy-free-indexer,,!offer:sqd-free-indexer,"[""[Website](https://www.sqd.ai/)"",""[Docs](https://docs.sqd.ai/subsquid-network/reference/networks/#evm--ethereum-compatible)""]",,,,,,amoy,,,,,,,,,,,,,,,,,,,
sqd-amoy-pay-as-you-go-indexer,,!offer:sqd-pay-as-you-go-indexer,"[""[Buy](https://docs.sqd.ai/cloud/pricing/)"",""[Docs](https://docs.sqd.ai/subsquid-network/reference/networks/#evm--ethereum-compatible)""]",,,,,,amoy,,,,,,,,,,,,,,,,,,,
sqd-mainnet-free-indexer,,!offer:sqd-free-indexer,"[""[Website](https://www.sqd.ai/)"",""[Docs](https://docs.sqd.ai/subsquid-network/reference/networks/#evm--ethereum-compatible)""]",,,,,,mainnet,,,,,,,,,,,,,,,,,,,
sqd-mainnet-pay-as-you-go-indexer,,!offer:sqd-pay-as-you-go-indexer,"[""[Buy](https://docs.sqd.ai/cloud/pricing/)"",""[Docs](https://docs.sqd.ai/subsquid-network/reference/networks/#evm--ethereum-compatible)""]",,,,,,mainnet,,,,,,,,,,,,,,,,,,,
subquery-mainnet-pay-as-you-go-indexer,,!offer:subquery-pay-as-you-go-indexer,"[""[Buy](https://subquery.network/doc/subquery_network/node_operators/rewards.html#pricing-strategy)"",""[Docs](https://subquery.network/doc/indexer/quickstart/quickstart_chains/polygon.html)""]",,,,,,mainnet,,,,,,,,,,,,,,,,,,,
tatum-amoy-free-recent-state,,!offer:tatum-free-recent-state,"[""[Website](https://www.tatum.io?via=chainlove)"",""[Docs](https://docs.tatum.io/reference/rpc-polygon)""]",,,,,,amoy,,,,,,,,,,,,,,,,,,,
tatum-amoy-pro-full-archive,,!offer:tatum-pro-full-archive,"[""[Buy](https://www.tatum.io?via=chainlove)"",""[Docs](https://docs.tatum.io/reference/rpc-polygon)""]",,,,,,amoy,,,,,,,,,,,,,,,,,,,
tatum-amoy-pro-recent-state,,!offer:tatum-pro-recent-state,"[""[Buy](https://www.tatum.io?via=chainlove)"",""[Docs](https://docs.tatum.io/reference/rpc-polygon)""]",,,,,,amoy,,,,,,,,,,,,,,,,,,,
tatum-amoy-scale-full-archive,,!offer:tatum-scale-full-archive,"[""[Buy](https://www.tatum.io?via=chainlove)"",""[Docs](https://docs.tatum.io/reference/rpc-polygon)""]",,,,,,amoy,,,,,,,,,,,,,,,,,,,
tatum-amoy-scale-recent-state,,!offer:tatum-scale-recent-state,"[""[Buy](https://www.tatum.io?via=chainlove)"",""[Docs](https://docs.tatum.io/reference/rpc-polygon)""]",,,,,,amoy,,,,,,,,,,,,,,,,,,,
tatum-amoy-starter-full-archive,,!offer:tatum-starter-full-archive,"[""[Buy](https://www.tatum.io?via=chainlove)"",""[Docs](https://docs.tatum.io/reference/rpc-polygon)""]",,,,,,amoy,,,,,,,,,,,,,,,,,,,
tatum-amoy-starter-recent-state,,!offer:tatum-starter-recent-state,"[""[Buy](https://www.tatum.io?via=chainlove)"",""[Docs](https://docs.tatum.io/reference/rpc-polygon)""]",,,,,,amoy,,,,,,,,,,,,,,,,,,,
tatum-mainnet-free-recent-state,,!offer:tatum-free-recent-state,"[""[Website](https://www.tatum.io?via=chainlove)"",""[Docs](https://docs.tatum.io/reference/rpc-polygon)""]",,,,,,mainnet,,,,,,,,,,,,,,,,,,,
tatum-mainnet-pro-full-archive,,!offer:tatum-pro-full-archive,"[""[Buy](https://www.tatum.io?via=chainlove)"",""[Docs](https://docs.tatum.io/reference/rpc-polygon)""]",,,,,,mainnet,,,,,,,,,,,,,,,,,,,
tatum-mainnet-pro-recent-state,,!offer:tatum-pro-recent-state,"[""[Buy](https://www.tatum.io?via=chainlove)"",""[Docs](https://docs.tatum.io/reference/rpc-polygon)""]",,,,,,mainnet,,,,,,,,,,,,,,,,,,,
tatum-mainnet-scale-full-archive,,!offer:tatum-scale-full-archive,"[""[Buy](https://www.tatum.io?via=chainlove)"",""[Docs](https://docs.tatum.io/reference/rpc-polygon)""]",,,,,,mainnet,,,,,,,,,,,,,,,,,,,
tatum-mainnet-scale-recent-state,,!offer:tatum-scale-recent-state,"[""[Buy](https://www.tatum.io?via=chainlove)"",""[Docs](https://docs.tatum.io/reference/rpc-polygon)""]",,,,,,mainnet,,,,,,,,,,,,,,,,,,,
tatum-mainnet-starter-full-archive,,!offer:tatum-starter-full-archive,"[""[Buy](https://www.tatum.io?via=chainlove)"",""[Docs](https://docs.tatum.io/reference/rpc-polygon)""]",,,,,,mainnet,,,,,,,,,,,,,,,,,,,
tatum-mainnet-starter-recent-state,,!offer:tatum-starter-recent-state,"[""[Buy](https://www.tatum.io?via=chainlove)"",""[Docs](https://docs.tatum.io/reference/rpc-polygon)""]",,,,,,mainnet,,,,,,,,,,,,,,,,,,,
thegraph-mainnet-free-indexer,,!offer:thegraph-free-indexer,"[""[Website](https://thegraph.com/subgraphs/)"",""[Docs](https://thegraph.com/docs/en/subgraphs/quick-start/)""]",,,,,,mainnet,,,,,,,,,,,,,,,,,,,
thegraph-mainnet-pay-as-you-go-indexer,,!offer:thegraph-pay-as-you-go-indexer,"[""[Buy](https://thegraph.com/studio-pricing/)"",""[Docs](https://thegraph.com/docs/en/supported-networks/matic/)""]",,,,,,mainnet,,,,,,,,,,,,,,,,,,,
thirdweb-mainnet-growth-indexer,,!offer:thirdweb-growth-indexer,,,,,,,mainnet,,,,,,,,,,,,,,,,,,,
thirdweb-mainnet-growth-recent-state,,!offer:thirdweb-growth-recent-state,,,,,,,mainnet,,,,,,,,,,,,,,,,,,,
thirdweb-mainnet-scale-indexer,,!offer:thirdweb-scale-indexer,,,,,,,mainnet,,,,,,,,,,,,,,,,,,,
thirdweb-mainnet-scale-recent-state,,!offer:thirdweb-scale-recent-state,,,,,,,mainnet,,,,,,,,,,,,,,,,,,,
thirdweb-mainnet-starter-indexer,,!offer:thirdweb-starter-indexer,,,,,,,mainnet,,,,,,,,,,,,,,,,,,,
thirdweb-mainnet-starter-recent-state,,!offer:thirdweb-starter-recent-state,,,,,,,mainnet,,,,,,,,,,,,,,,,,,,
uniblock-amoy-business-custom,,!offer:uniblock-business-custom,,,,,,,amoy,,,,,,,,,,,,,,,,,,,
uniblock-amoy-dedicated-custom,,!offer:uniblock-dedicated-custom,,,,,,,amoy,,,,,,,,,,,,,,,,,,,
uniblock-amoy-growth-custom,,!offer:uniblock-growth-custom,,,,,,,amoy,,,,,,,,,,,,,,,,,,,
uniblock-amoy-pro-custom,,!offer:uniblock-pro-custom,,,,,,,amoy,,,,,,,,,,,,,,,,,,,
uniblock-amoy-startup-custom,,!offer:uniblock-startup-custom,,,,,,,amoy,,,,,,,,,,,,,,,,,,,
uniblock-mainnet-business-custom,,!offer:uniblock-business-custom,,,,,,,mainnet,,,,,,,,,,,,,,,,,,,
uniblock-mainnet-dedicated-custom,,!offer:uniblock-dedicated-custom,,,,,,,mainnet,,,,,,,,,,,,,,,,,,,
uniblock-mainnet-growth-custom,,!offer:uniblock-growth-custom,,,,,,,mainnet,,,,,,,,,,,,,,,,,,,
uniblock-mainnet-pro-custom,,!offer:uniblock-pro-custom,,,,,,,mainnet,,,,,,,,,,,,,,,,,,,
uniblock-mainnet-startup-custom,,!offer:uniblock-startup-custom,,,,,,,mainnet,,,,,,,,,,,,,,,,,,,
watchdata-mainnet-business-full-archive,,!offer:watchdata-business-full-archive,"[""[Website](https://polygon.api.watchdata.io/node/jsonrpc)""]",,,,,,mainnet,,,,,,,,,,,,,,,,,,,
watchdata-mainnet-business-recent-state,,!offer:watchdata-business-recent-state,"[""[Website](https://polygon.api.watchdata.io/node/jsonrpc)""]",,,,,,mainnet,,,,,,,,,,,,,,,,,,,
watchdata-mainnet-free-full-archive,,!offer:watchdata-free-full-archive,"[""[Website](https://polygon.api.watchdata.io/node/jsonrpc)""]",,,,,,mainnet,,,,,,,,,,,,,,,,,,,
watchdata-mainnet-free-recent-state,,!offer:watchdata-free-recent-state,"[""[Website](https://polygon.api.watchdata.io/node/jsonrpc)""]",,,,,,mainnet,,,,,,,,,,,,,,,,,,,
watchdata-mainnet-production-full-archive,,!offer:watchdata-production-full-archive,"[""[Website](https://polygon.api.watchdata.io/node/jsonrpc)""]",,,,,,mainnet,,,,,,,,,,,,,,,,,,,
watchdata-mainnet-production-recent-state,,!offer:watchdata-production-recent-state,"[""[Website](https://polygon.api.watchdata.io/node/jsonrpc)""]",,,,,,mainnet,,,,,,,,,,,,,,,,,,,
watchdata-mainnet-startup-full-archive,,!offer:watchdata-startup-full-archive,"[""[Website](https://polygon.api.watchdata.io/node/jsonrpc)""]",,,,,,mainnet,,,,,,,,,,,,,,,,,,,
watchdata-mainnet-startup-recent-state,,!offer:watchdata-startup-recent-state,"[""[Website](https://polygon.api.watchdata.io/node/jsonrpc)""]",,,,,,mainnet,,,,,,,,,,,,,,,,,,,
zerion-mainnet-builder-indexer,,!offer:zerion-builder-indexer,,,,,,,mainnet,,,,,,,,,,,,,,,,,,,
zerion-mainnet-developer-indexer,,!offer:zerion-developer-indexer,,,,,,,mainnet,,,,,,,,,,,,,,,,,,,
zerion-mainnet-enterprise-indexer,,!offer:zerion-enterprise-indexer,,,,,,,mainnet,,,,,,,,,,,,,,,,,,,
zerion-mainnet-growth-indexer,,!offer:zerion-growth-indexer,,,,,,,mainnet,,,,,,,,,,,,,,,,,,,
zerion-mainnet-startup-indexer,,!offer:zerion-startup-indexer,,,,,,,mainnet,,,,,,,,,,,,,,,,,,,
